Month,Group,Commodity,Unit,Quantity_2025,Rupees_2025,Dollar_2025,Quantity_2024,Rupees_2024,Dollar_2024
2025-06,Food Group,"1. Milk,Cream & Milk Food For Infants",  MT,4179.979969999999,3417.048445,12074.0,3063.711,3227.854482,11592.691
2025-06,Food Group,2. Wheat Unmilled,  MT,0.0,0.0,0.0,0.0,0.0,0.0
2025-06,Food Group,3. Dry Fruits & Nuts,  MT,5777.040660000001,1695.825699,5992.0,4221.926,1032.060483,3706.598
2025-06,Food Group,4. Tea,  MT,19804.34842,14083.965395,49767.0,19778.058,14723.612763,52879.17
2025-06,Food Group,5. Spices,  MT,14951.464665,4599.111179,16251.0,17250.507,5423.524805,19478.342
2025-06,Food Group,6. Soyabean Oil,  MT,20305.56,6296.557457,22249.0,7750.0,2089.998129,7506.133
2025-06,Food Group,7. Palm Oil,  MT,175754.35898,55473.598716,196020.0,257530.458,68781.424401,247025.374
2025-06,Food Group,8. Sugar,  MT,166.642,60.624367,214.0,142.0,41.594571,149.384
2025-06,Food Group,9. Pulses  (Leguminous Vegetables),  MT,63997.1318,13101.145042,46294.0,51060.586,10913.586065,39195.643
2025-06,Food Group,10. All Others Food Items,   - ,,51060.99819,180427.0,,42391.803482,152248.263
2025-06,Machinery Group,11. Power Generating Machinery,   - ,,11694.644922,41324.0,,15263.435518,54817.948
2025-06,Machinery Group,12. Office Machine Incl.Data Proc Equip;,   - ,,10765.036291,38039.0,,11856.345201,42581.538
2025-06,Machinery Group,13. Textile Machinery,   - ,,7851.217189,27743.0,,4687.288754,16834.18
2025-06,Machinery Group,14. Construction & Mining Machinery,   - ,,3147.675883,11123.0,,2174.087287,7808.137
2025-06,Machinery Group,15. Electrical Machinery & Apparatus,   - ,,128763.731969,454995.0,,87699.884508,314970.106
2025-06,Machinery Group,16. Tele Com,   - ,,58606.618323,207090.0,,89126.50905499999,320093.76900000003
2025-06,Machinery Group,A. Mobile Phone,   - ,,39457.42246,139425.0,,77565.886416,278574.358
2025-06,Machinery Group,B. Other Apparatus,   - ,,19149.195863,67665.0,,11560.622639,41519.411
2025-06,Machinery Group,17. Agricultural Machinery & Implements,   - ,,3021.055551,10675.0,,2648.798271,9513.085
2025-06,Machinery Group,18. Other Machinery,   - ,,58686.702346,207373.0,,35147.710287,126231.453
2025-06,Transport Group,"19.  Road Motor Veh. (Build Unit,Ckd/Skd)",   - ,,79615.170458,281324.0,,59456.644991,213535.622
2025-06,Transport Group,19.1 Cbu,   - ,,9504.068351999998,33583.0,,13842.388964,49714.165
2025-06,Transport Group,"A.Buses,Trucks & Oth. Heavy Vehicles",   - ,,3673.693247,12981.0,,4353.876073,15636.78
2025-06,Transport Group,B.Motor Cars,   - ,,5756.995347,20343.0,,9394.30528,33739.049
2025-06,Transport Group,C.Motor Cycles,   - ,,73.379758,259.0,,94.207611,338.336
2025-06,Transport Group,19.2 Ckd/Skd,   - ,,62116.174911,219491.0,,39022.494095,140147.485
2025-06,Transport Group,"A.Buses,Trucks & Oth. Heavy Vehicles",   - ,,17261.167693,60993.0,,9441.583119,33909.011
2025-06,Transport Group,B.Motor Cars,   - ,,43424.345847,153443.0,,28897.898934,103785.468
2025-06,Transport Group,C.Motor Cycles,   - ,,1430.661371,5055.0,,683.012042,2453.006
2025-06,Transport Group,19.3 Parts & Accessories,   - ,,7496.469086,26489.0,,5646.238081,20278.158
2025-06,Transport Group,19.4 Others,   - ,,498.458109,1761.0,,945.523851,3395.814
2025-06,Transport Group,"20.Aircrafts, Ships And Boats",   - ,,7203.536542,25454.0,,1970.182559,7075.821
2025-06,Transport Group,21.Others Transport Equipments,   - ,,1182.890791,4180.0,,11202.313715,40232.602
2025-06,Petroleum Group,22. Petroleum Products,  MT,1053325.1881602,144188.950248,509501.0,1122279.0,190589.923269,684495.021
2025-06,Petroleum Group,23. Petroleum Crude,  MT,789077.3199142857,131568.421593,464906.0,785538.0,128994.520727,463277.951
2025-06,Petroleum Group,"24.Natural Gas, Liquified",   - ,,74967.271725,264902.0,,102615.45642,368538.742
2025-06,Petroleum Group,"25. Petroleum Gas, Liquified",   - ,,20427.97701,72184.0,,15309.086583,54981.895
2025-06,Petroleum Group,26. Others,   - ,,4.644466,16.0,,1.579493,5.673
2025-06,Textile Group,27. Raw Cotton,  MT,46509.96183759999,23021.575081,81348.0,36984.0,21834.473876,78417.509
2025-06,Textile Group,28. Synthetic Fibre,  MT,35138.49891800001,13553.248691,47891.0,33738.124,14973.940203,53778.236
2025-06,Textile Group,29. Synthetic & Artificial Silk Yarn,  MT,25067.785447,13057.686435,46140.0,29891.622,13927.117595,50018.62
2025-06,Textile Group,30. Worn Clothing,  MT,87849.8591244999,11400.614578,40285.0,92594.613,11162.245921,40088.691
2025-06,Textile Group,31. Othr Textile Items, - ,,28214.62711,99698.0,,21585.463586,77523.319
2025-06,Agricultural And Other Chemicals Group,32. Fertilizer Manufactured, MT,138357.8985,26499.399293,93637.0,51134.0,4821.049753,17314.582
2025-06,Agricultural And Other Chemicals Group,33. Insecticides, MT,1861.5975,3235.45245,11433.0,2378.17,3858.104411,13856.212
2025-06,Agricultural And Other Chemicals Group,34. Plastic Materials, MT,121054.61769920004,42529.896385,150282.0,153913.769,52904.064797,190002.533
2025-06,Agricultural And Other Chemicals Group,35. Medicinal Products, MT,4384.098941199999,24964.091292,88212.0,2647.016,23216.306111,83380.348
2025-06,Agricultural And Other Chemicals Group,36. Others, - ,,93876.769893,331720.0,,101873.318536,365873.369
2025-06,Metal Group,37. Gold,KG,0.0,0.0,0.0,0.0,0.0,0.0
2025-06,Metal Group,38. Iron And Steel Scrap, MT,188417.3554163,25102.920138,88703.0,218991.0,27397.529405,98396.979
2025-06,Metal Group,39. Iron And Steel, MT,178520.1270973,38642.137586,136545.0,263512.0,48701.352424,174908.682
2025-06,Metal Group,40. Aluminium Wrought & Worked, - ,,4473.98139,15809.0,,4373.885794,15708.603
2025-06,Metal Group,41. All Other Metals & Articals, - ,,23836.829392,84229.0,,23744.566805,85277.462
2025-06,Miscellaneous Group,42. Rubber Crude Incl. Synth/Reclaimed, MT,27377.77202,3703.758449,13087.0,35228.525,6301.454006,22631.379
2025-06,Miscellaneous Group,43. Rubber Tyres & Tubes, NO,414789.0,2662.315604,9407.0,373791.0,2741.763381,9846.886
2025-06,Miscellaneous Group,44. Wood & Cork, - ,,2574.000165,9095.0,,2278.627432,8183.588
2025-06,Miscellaneous Group,45. Jute, MT,105.0,25.928402,92.0,2472.0,469.307385,1685.497
2025-06,Miscellaneous Group,46. Paper & Paper Board & Manuf.Thereof, MT,36502.47732480001,9074.86928,32067.0,40426.139,10104.797464,36290.937
Month,Group,Commodity,Unit,,,,,,
2025-07,Food Group,"1. Milk,Cream & Milk Food For Infants",  MT,6553.51884,4275.961495,15022.99205290031,,92460.507379,331590.60582000006
2025-07,Food Group,2. Wheat Unmilled,  MT,0.0,0.0,0.0,,20618.316049,73951.53563000009
2025-07,Food Group,3. Dry Fruits & Nuts,  MT,7978.999928999999,2361.137647,8294.53829250078,,6.213293,22.27972
2025-07,Food Group,4. Tea,  MT,19030.28754,11955.321462,41993.68528749191,,,
2025-07,Food Group,5. Spices,  MT,19565.430875,6773.999599,23796.124376378462,,136540.696698,489777.1169700002
2025-07,Food Group,6. Soyabean Oil,  MT,29150.16,9062.273517,31839.76671164609,70565.28860000003,41613.904795,149267.68681
2025-07,Food Group,7. Palm Oil,  MT,286835.502,86012.920381,302148.776278658,41979.5978181,16082.872466,57689.35304999998
2025-07,Food Group,8. Sugar,  MT,395.001,110.338908,388.0030654224564,41457.3820335,21519.553833,77196.17855000004
2025-07,Food Group,9. Pulses  (Leguminous Vegetables),  MT,110097.912,21009.8326,73836.52709288521,84676.4836497,10675.059358,38284.8324700001
2025-07,Food Group,10. All Others Food Items,   - ,,70167.69963,246558.98791760625,,46649.306246,167339.0660900001
2025-07,Machinery Group,11. Power Generating Machinery,   - ,,16195.287361,56875.61940226053,83560.9551995,13158.268224,47190.17329
2025-07,Machinery Group,12. Office Machine Incl.Data Proc Equip;,   - ,,17851.758542,62742.50737052197,2396.994352,3223.897247,11563.62764
2025-07,Machinery Group,13. Textile Machinery,   - ,,19089.23283,67106.95722764207,164234.3440475,57769.944526,207237.55820999996
2025-07,Machinery Group,14. Construction & Mining Machinery,   - ,,3128.413717,10990.370926487183,2964.9872805000014,22811.810983,81824.96648000002
2025-07,Machinery Group,15. Electrical Machinery & Apparatus,   - ,,83232.418127,292371.0131676572,,131094.715619,470214.29002
2025-07,Machinery Group,16. Tele Com,   - ,,54657.877829000005,191999.40010275703,,,
2025-07,Machinery Group,A. Mobile Phone,   - ,,41384.864606,145344.90833594085,,127397.06963800002,456977.6359100001
2025-07,Machinery Group,B. Other Apparatus,   - ,,13273.013223,46654.491766816216,27.8496,611.337671,2193.17012
2025-07,Machinery Group,17. Agricultural Machinery & Implements,   - ,,4100.877515,14410.687113047888,273993.5971239,45328.484637,162588.00695000016
2025-07,Machinery Group,18. Other Machinery,   - ,,65771.751978,231037.58807058207,258419.0836665,48460.498067,173844.19749
2025-07,Transport Group,"19.  Road Motor Veh. (Build Unit,Ckd/Skd)",   - ,,77290.800967,271395.0686795822,,,
2025-07,Transport Group,19.1 Cbu,   - ,,11998.142244,42168.22590579361,,25596.410805,91814.90528
2025-07,Transport Group,"A.Buses,Trucks & Oth. Heavy Vehicles",   - ,,2602.329753,9152.30184111463,47150.022434,7432.180021,26659.848289999994
2025-07,Transport Group,B.Motor Cars,   - ,,9335.404687,32803.41604660575,725335.0,4371.893273,15681.287910000008
2025-07,Transport Group,C.Motor Cycles,   - ,,60.407804,212.50801807322495,,2566.505727,9205.485780000005
2025-07,Transport Group,19.2 Ckd/Skd,   - ,,54096.270799000005,189899.5384593573,2196.7791,403.694903,1448.1985100000002
2025-07,Transport Group,"A.Buses,Trucks & Oth. Heavy Vehicles",   - ,,14471.440431,50780.5381874357,38214.4258506,10822.136881,38820.08479
2025-07,Transport Group,B.Motor Cars,   - ,,38227.66171,134211.2345820426,,,
2025-07,Transport Group,C.Motor Cycles,   - ,,1397.168658,4907.765689879023,,,
2025-07,Transport Group,19.3 Parts & Accessories,   - ,,9421.370169,33095.500095003415,,,
2025-07,Transport Group,19.4 Others,   - ,,1775.017755,6231.804219427876,,,
2025-07,Transport Group,"20.Aircrafts, Ships And Boats",   - ,,3277.399017,11533.810420970374,,,
2025-07,Transport Group,21.Others Transport Equipments,   - ,,6890.212032,24162.51162362945,,,
2025-07,Petroleum Group,22. Petroleum Products,  MT,1233707.4090267,180489.387548,634771.237150071,,,
2025-07,Petroleum Group,23. Petroleum Crude,  MT,758383.5343103448,113168.525936,398317.6921215907,,,
2025-07,Petroleum Group,"24.Natural Gas, Liquified",   - ,,65727.79325,230804.96319189295,,,
2025-07,Petroleum Group,"25. Petroleum Gas, Liquified",   - ,,23320.973494,81897.44815487614,,,
2025-07,Petroleum Group,26. Others,   - ,,1.539485,5.395198312222536,,,
2025-07,Textile Group,27. Raw Cotton,  MT,80519.022845,40735.449567,143105.07805668883,,,
2025-07,Textile Group,28. Synthetic Fibre,  MT,53844.030925,21442.855392,75359.46904491769,,,
2025-07,Textile Group,29. Synthetic & Artificial Silk Yarn,  MT,63562.816922700025,30201.443455,106091.4337700162,,,
2025-07,Textile Group,30. Worn Clothing,  MT,92041.26926129998,12531.213882,44018.253515765806,,,
2025-07,Textile Group,31. Othr Textile Items, - ,,63958.515575,224712.8639244626,,,
2025-07,Agricultural And Other Chemicals Group,32. Fertilizer Manufactured, MT,72961.726879,12002.024997,42209.23698570139,,,
2025-07,Agricultural And Other Chemicals Group,33. Insecticides, MT,3111.944734,3979.347116,13990.78530772668,,,
2025-07,Agricultural And Other Chemicals Group,34. Plastic Materials, MT,231869.4058404,77290.803468,271591.2882660322,,,
2025-07,Agricultural And Other Chemicals Group,35. Medicinal Products, MT,3035.2998745000014,28360.473567,99662.3352736855,,,
2025-07,Agricultural And Other Chemicals Group,36. Others, - ,,132405.002547,465238.3144786218,,,
2025-07,Metal Group,37. Gold,KG,0.0,0.017003,0.05971202809482,,,
2025-07,Metal Group,38. Iron And Steel Scrap, MT,311887.5311913,43883.106498,154172.4029391722,,,
2025-07,Metal Group,39. Iron And Steel, MT,343257.0,68994.395969,242483.5096193381,,,
2025-07,Metal Group,40. Aluminium Wrought & Worked, - ,,7299.042372,25643.04381218696,,,
2025-07,Metal Group,41. All Other Metals & Articals, - ,,35590.558806,125033.91033298936,,,
2025-07,Miscellaneous Group,42. Rubber Crude Incl. Synth/Reclaimed, MT,51041.8667989,9312.695453,32723.19028950365,,,
2025-07,Miscellaneous Group,43. Rubber Tyres & Tubes, NO,1202736.0,6749.495285,23716.764708215967,,,
2025-07,Miscellaneous Group,44. Wood & Cork, - ,,2698.200473,9481.191284407694,,,
2025-07,Miscellaneous Group,45. Jute, MT,2198.32034,527.439693,1851.314948364733,,,
2025-07,Miscellaneous Group,46. Paper & Paper Board & Manuf.Thereof, MT,50445.46562669999,12962.373454,45545.15700219407,,,
Month,Group,Commodity,Unit,,,,,,
2025-08,Food Group,"1. Milk,Cream & Milk Food For Infants",  MT,3890.476873,2681.494779,9483.014917131291,4481.028772,3319.286641,11897.992149999998
2025-08,Food Group,2. Wheat Unmilled,  MT,0.0,0.0,0.0,0.0,0.0,0.0
2025-08,Food Group,3. Dry Fruits & Nuts,  MT,9697.828999999998,2682.038401,9489.436241614472,7540.062238,2114.51411,7578.98748
2025-08,Food Group,4. Tea,  MT,23409.9225821,15545.517245,54987.53637976858,23989.031130000003,16997.509632,60924.29024999982
2025-08,Food Group,5. Spices,  MT,13035.7375143,4591.57969,16243.306007799754,17000.103669,5395.333257,19336.242429999995
2025-08,Food Group,6. Soyabean Oil,  MT,9889.0,3079.817745,10898.00040885048,21960.015,5911.796696,21193.895259999998
2025-08,Food Group,7. Palm Oil,  MT,323130.1882,95399.408323,337480.6725281024,273160.926,71327.695781,255690.32289000004
2025-08,Food Group,8. Sugar,  MT,164.11579999999998,51.786359,183.0279870821932,416.12657,115.01811,412.36675
2025-08,Food Group,9. Pulses  (Leguminous Vegetables),  MT,104546.382208,20779.823521,73481.3458455671,84301.606,18491.275961,66280.46704000003
2025-08,Food Group,10. All Others Food Items,   - ,,60353.980737,213522.98137239297,,32965.099402,118159.51292000012
2025-08,Machinery Group,11. Power Generating Machinery,   - ,,14311.772939,50629.399344424535,,14471.177514,51866.41735999998
2025-08,Machinery Group,12. Office Machine Incl.Data Proc Equip;,   - ,,12391.647145,43831.6210275693,,10131.570239,36317.43003999998
2025-08,Machinery Group,13. Textile Machinery,   - ,,14709.988759,52030.76721739167,,9627.417517,34510.35409
2025-08,Machinery Group,14. Construction & Mining Machinery,   - ,,4801.185616,16985.42245065246,,2287.616637,8199.972100000005
2025-08,Machinery Group,15. Electrical Machinery & Apparatus,   - ,,63395.718703,224186.42906076805,,71957.648299,257925.65006999965
2025-08,Machinery Group,16. Tele Com,   - ,,57754.954556,204310.10127431547,,33283.835479,119309.75063999988
2025-08,Machinery Group,A. Mobile Phone,   - ,,43860.633767,155164.13119006806,,22118.229442,79289.78716999985
2025-08,Machinery Group,B. Other Apparatus,   - ,,13894.320789,49145.970084247405,,11165.606037,40019.96347000002
2025-08,Machinery Group,17. Agricultural Machinery & Implements,   - ,,4239.006334,14993.156535260783,,3125.205182,11202.730659999992
2025-08,Machinery Group,18. Other Machinery,   - ,,49062.902159,173529.99776809182,,43904.972456,157376.08842000004
2025-08,Transport Group,"19.  Road Motor Veh. (Build Unit,Ckd/Skd)",   - ,,86275.023001,305110.0250969624,,53776.174394,192761.56315000003
2025-08,Transport Group,19.1 Cbu,   - ,,14404.379197,50921.83545534089,,9430.970165,33803.42
2025-08,Transport Group,"A.Buses,Trucks & Oth. Heavy Vehicles",   - ,,7030.750791,24857.71032291276,,2580.838968,9250.3067
2025-08,Transport Group,B.Motor Cars,   - ,,7309.416649,25837.162999497123,,6809.483795,24407.46002
2025-08,Transport Group,C.Motor Cycles,   - ,,64.211757,226.9621329310108,,40.647402,145.6532800000001
2025-08,Transport Group,19.2 Ckd/Skd,   - ,,62982.411447,222757.68463624507,,36770.291476,131805.03867
2025-08,Transport Group,"A.Buses,Trucks & Oth. Heavy Vehicles",   - ,,12819.866704,45334.2259618391,,8180.422672,29326.05356
2025-08,Transport Group,B.Motor Cars,   - ,,48307.820271,170865.376819596,,27580.253263,98859.48916
2025-08,Transport Group,C.Motor Cycles,   - ,,1854.724472,6558.08185480996,,1009.615541,3619.49595
2025-08,Transport Group,19.3 Parts & Accessories,   - ,,8148.678329,28814.723125787023,,6742.41781,24168.580070000004
2025-08,Transport Group,19.4 Others,   - ,,739.554028,2615.781879589357,,832.494943,2984.52441
2025-08,Transport Group,"20.Aircrafts, Ships And Boats",   - ,,2329.842189,8244.558637392025,,1514.983449,5433.17036
2025-08,Transport Group,21.Others Transport Equipments,   - ,,1534.739685,5427.693350307425,,1014.311742,3635.942330000001
2025-08,Petroleum Group,22. Petroleum Products,  MT,654283.2248153999,100299.922433,355060.78383189696,610068.242178,95446.099371,342145.81141999963
2025-08,Petroleum Group,23. Petroleum Crude,  MT,982917.2341204104,138204.676217,488711.4074034692,1072643.0,162679.0,584042.0
2025-08,Petroleum Group,"24.Natural Gas, Liquified",   - ,,78227.331716,276842.5811083935,,106422.267523,381489.98485
2025-08,Petroleum Group,"25. Petroleum Gas, Liquified",   - ,,20365.934673,72039.7786902359,,25088.765872,89922.61618999984
2025-08,Petroleum Group,26. Others,   - ,,3.415434,12.066284811587954,,11.995684,42.98487
2025-08,Textile Group,27. Raw Cotton,  MT,63223.4493145,31823.678552,112601.41704931392,89206.71484949999,49231.142733,176476.99715999982
2025-08,Textile Group,28. Synthetic Fibre,  MT,48757.696697900006,19455.657015,68827.0372754111,43543.31042570001,17213.020917,61698.84127
2025-08,Textile Group,29. Synthetic & Artificial Silk Yarn,  MT,43552.952253200034,20398.789966,72155.07900393014,38591.33539419998,20705.504821,74213.13991000006
2025-08,Textile Group,30. Worn Clothing,  MT,90539.91150659992,12311.934746,43539.93521423646,98261.8649889998,12554.026728,44990.123679999626
2025-08,Textile Group,31. Othr Textile Items, - ,,58603.718448,207255.0196459406,,48556.308572,174056.0915999997
2025-08,Agricultural And Other Chemicals Group,32. Fertilizer Manufactured, MT,84528.768075,16275.214914,57607.52884050807,178830.4470039,28833.405684,103335.72415
2025-08,Agricultural And Other Chemicals Group,33. Insecticides, MT,2308.203037,2578.762613,9120.294425211288,1883.9966535,3064.232504,10982.50423
2025-08,Agricultural And Other Chemicals Group,34. Plastic Materials, MT,203195.16803050003,67395.016625,238382.8607387861,162119.5936943001,57867.854086,207428.46832999997
2025-08,Agricultural And Other Chemicals Group,35. Medicinal Products, MT,2533.2172852999997,31441.383782,111250.16871198584,3547.821001899999,28527.845305,102267.87282999998
2025-08,Agricultural And Other Chemicals Group,36. Others, - ,,124811.49971,441511.28062899766,,120484.313466,431909.43912999966
2025-08,Metal Group,37. Gold,KG,0.0,0.0,0.0,21.674,485.203905,1739.05526
2025-08,Metal Group,38. Iron And Steel Scrap, MT,312175.46272350004,43598.99416,154232.31138278404,284222.8385461,48009.58249,172079.95175999994
2025-08,Metal Group,39. Iron And Steel, MT,370482.0,64375.168203,227646.4464812044,173875.55140820012,35529.229559,127346.36853
2025-08,Metal Group,40. Aluminium Wrought & Worked, - ,,4717.159719,16685.9345678267,,6657.474068,23864.330540000006
2025-08,Metal Group,41. All Other Metals & Articals, - ,,28055.370666,99212.19067713378,,28495.453608,102156.06186000005
2025-08,Miscellaneous Group,42. Rubber Crude Incl. Synth/Reclaimed, MT,46697.4720371,8364.077445,29585.989183455327,60320.2928782,8701.752321,31191.581680000003
2025-08,Miscellaneous Group,43. Rubber Tyres & Tubes, NO,960170.0,5450.433951,19275.4325661876,738101.0,3718.114328,13327.761450000004
2025-08,Miscellaneous Group,44. Wood & Cork, - ,,2329.213703,8239.422783775979,,2677.336212,9596.428750000005
2025-08,Miscellaneous Group,45. Jute, MT,2112.5190999999995,508.037611,1796.8581870616022,679.7615,113.749183,407.68164
2025-08,Miscellaneous Group,46. Paper & Paper Board & Manuf.Thereof, MT,44942.0315385,10814.706355,38254.62069758393,39989.61124789999,10623.706531,38079.37842000001
Month,Group,Commodity,Unit,,,,,,
2025-09,Food Group,"1. Milk,Cream & Milk Food For Infants",  MT,4628.46247,4018.167076,14249.5057239224,4210.537827499999,2674.774344,9597.000117951466
2025-09,Food Group,2. Wheat Unmilled,  MT,0.0,0.0,0.0,0.0,0.0,0.0
2025-09,Food Group,3. Dry Fruits & Nuts,  MT,19026.981629999995,5128.915802,18190.54300250521,15133.264414300002,3525.466608,12651.709603680913
2025-09,Food Group,4. Tea,  MT,21660.34588,14479.433916,51353.72406010422,21254.021863,14808.126213,53132.11158436857
2025-09,Food Group,5. Spices,  MT,14189.047384,5375.13817,19063.10695952429,11811.684655,3919.94329,14062.46432719865
2025-09,Food Group,6. Soyabean Oil,  MT,13015.11892,3912.212413,13873.551276503962,7500.0,2050.542614,7360.452773547603
2025-09,Food Group,7. Palm Oil,  MT,343161.99242,101742.794415,360831.999015607,266218.3405,69983.007195,251120.2944405833
2025-09,Food Group,8. Sugar,  MT,30728.011,5189.527187,18409.01212435733,297.052,88.8131,318.64010469395475
2025-09,Food Group,9. Pulses  (Leguminous Vegetables),  MT,96272.51,16042.757785,56897.417090674346,112393.137,19996.762894,71762.54966442309
2025-09,Food Group,10. All Others Food Items,   - ,,64626.723504,229210.57659218137,,46521.569283,166889.34027322903
2025-09,Machinery Group,11. Power Generating Machinery,   - ,,16716.409319,59275.81298812247,,16818.591187,60352.00230218841
2025-09,Machinery Group,12. Office Machine Incl.Data Proc Equip;,   - ,,16438.860828,58298.64126245402,,11882.719054,42637.62814614616
2025-09,Machinery Group,13. Textile Machinery,   - ,,14409.164639,51099.25149060373,,11368.092383,40784.95638104376
2025-09,Machinery Group,14. Construction & Mining Machinery,   - ,,4835.293485,17159.048434804845,,3685.95149,13227.362610594306
2025-09,Machinery Group,15. Electrical Machinery & Apparatus,   - ,,74284.590606,263434.53441329306,,77598.858658,278397.99210939254
2025-09,Machinery Group,16. Tele Com,   - ,,75964.951308,269463.62408685766,,42778.43399,153507.9514899049
2025-09,Machinery Group,A. Mobile Phone,   - ,,56170.460452,199270.37509011917,,28556.035547,102482.49584209926
2025-09,Machinery Group,B. Other Apparatus,   - ,,19794.490856,70193.24899673849,,14222.398443,51025.45564780562
2025-09,Machinery Group,17. Agricultural Machinery & Implements,   - ,,2783.794644,9872.32094871733,,3426.407243,12297.834512650874
2025-09,Machinery Group,18. Other Machinery,   - ,,50623.488735,179751.6690112305,,46069.201202,165278.87642794667
2025-09,Transport Group,"19.  Road Motor Veh. (Build Unit,Ckd/Skd)",   - ,,109649.548658,388866.66445430863,,46471.345733,166747.22579069296
2025-09,Transport Group,19.1 Cbu,   - ,,38673.375277,137146.3043738004,,7211.472799,25865.5696350014
2025-09,Transport Group,"A.Buses,Trucks & Oth. Heavy Vehicles",   - ,,29778.451889,105605.7905185774,,1601.596044,5743.045760793356
2025-09,Transport Group,B.Motor Cars,   - ,,8829.099377,31307.171274922785,,5561.436329,19948.714776290715
2025-09,Transport Group,C.Motor Cycles,   - ,,65.824011,233.3425803001954,,48.440426,173.80909791732947
2025-09,Transport Group,19.2 Ckd/Skd,   - ,,60356.297353,214059.5572544913,,30331.532403,108848.53702141548
2025-09,Transport Group,"A.Buses,Trucks & Oth. Heavy Vehicles",   - ,,15491.073085,54941.60978187671,,7085.763611,25426.065481799207
2025-09,Transport Group,B.Motor Cars,   - ,,43098.37912,152851.16006998843,,22401.197632,80391.89052548361
2025-09,Transport Group,C.Motor Cycles,   - ,,1766.845148,6266.787402626114,,844.57116,3030.581014132662
2025-09,Transport Group,19.3 Parts & Accessories,   - ,,9898.160608,35101.28739682887,,8109.804492,29095.59927323774
2025-09,Transport Group,19.4 Others,   - ,,721.71542,2559.515429188083,,818.536039,2937.5198610383413
2025-09,Transport Group,"20.Aircrafts, Ships And Boats",   - ,,12297.509024,43626.58269544298,,2137.205079,7657.893205029763
2025-09,Transport Group,21.Others Transport Equipments,   - ,,1508.273084,5348.832589931343,,1090.798196,3912.592345087944
2025-09,Petroleum Group,22. Petroleum Products,  MT,789099.2178573,114413.972663,405850.3167611208,897906.9851471,143098.528473,513409.6527055829
2025-09,Petroleum Group,23. Petroleum Crude,  MT,1079016.0,152734.0,541324.0,905380.515848123,135039.312084,485328.0
2025-09,Petroleum Group,"24.Natural Gas, Liquified",   - ,,58588.496911,207850.70395523484,,87007.75505,312340.35160939634
2025-09,Petroleum Group,"25. Petroleum Gas, Liquified",   - ,,22875.355769,81131.92187944325,,21248.915705,76244.87133762734
2025-09,Petroleum Group,26. Others,   - ,,11.591404,41.104668541436695,,16.99254,60.94324448435653
2025-09,Textile Group,27. Raw Cotton,  MT,76452.81516469998,38731.081392,137364.87173228656,75146.76994649999,41397.239953,148526.84116834425
2025-09,Textile Group,28. Synthetic Fibre,  MT,54728.043632700006,19502.617868,69164.61418396496,30028.278905000003,12366.430991,44352.39593648135
2025-09,Textile Group,29. Synthetic & Artificial Silk Yarn,  MT,52481.57637349999,24451.083071,86717.21972338791,43843.4474771,22076.922879,79206.83057646977
2025-09,Textile Group,30. Worn Clothing,  MT,108045.79332930013,14498.292104,51418.86959960788,92867.21200599996,12675.886391,45477.42021742338
2025-09,Textile Group,31. Othr Textile Items, - ,,71112.673501,252189.70387291088,,49573.015974,177869.3585644807
2025-09,Agricultural And Other Chemicals Group,32. Fertilizer Manufactured, MT,132264.384894,29005.318196,102872.13626328835,169739.569,29718.175218,106597.78408541564
2025-09,Agricultural And Other Chemicals Group,33. Insecticides, MT,3091.854233,4066.4174,14422.109098300603,2757.4581150000004,2450.459168,8794.24622746168
2025-09,Agricultural And Other Chemicals Group,34. Plastic Materials, MT,205464.67091350004,66535.478681,235974.9767878309,145111.44573320003,53896.616994,193383.74728525383
2025-09,Agricultural And Other Chemicals Group,35. Medicinal Products, MT,3847.1120266,36337.112804,128862.29416341792,4458.591048399999,27185.968554,97553.14755966884
2025-09,Agricultural And Other Chemicals Group,36. Others, - ,,124259.401155,440706.4308296008,,114035.92652,409112.8901257617
2025-09,Metal Group,37. Gold,KG,0.0,0.0,0.0,54.9076,1282.810047,4602.854424833759
2025-09,Metal Group,38. Iron And Steel Scrap, MT,359758.8653327,50097.185919,177677.32534000033,276485.607675,44579.581511,159946.9488732637
2025-09,Metal Group,39. Iron And Steel, MT,365171.2456178999,61660.763957,218662.8666224218,278977.3524169,51937.201292,186352.17463582204
2025-09,Metal Group,40. Aluminium Wrought & Worked, - ,,7401.251786,26249.855856408674,,8535.74027,30632.88180788398
2025-09,Metal Group,41. All Other Metals & Articals, - ,,29955.463495,106230.77546037358,,27577.429146,98946.40547916191
2025-09,Miscellaneous Group,42. Rubber Crude Incl. Synth/Reclaimed, MT,47532.0,7874.488995,27931.195082748774,47986.8418173,6949.160301,24936.53413099645
2025-09,Miscellaneous Group,43. Rubber Tyres & Tubes, NO,1290328.0,6328.550122,22444.206711485545,762831.0,4041.231555,14496.712387047271
2025-09,Miscellaneous Group,44. Wood & Cork, - ,,3057.89747,10845.107399330587,,1682.451789,6036.059899683346
2025-09,Miscellaneous Group,45. Jute, MT,1225.31075,295.121629,1046.7280465613867,2031.9532900000004,403.032611,1447.419264992565
2025-09,Miscellaneous Group,46. Paper & Paper Board & Manuf.Thereof, MT,44552.14976049999,11884.980564,42149.959855806745,43541.88044920001,12051.940621,43248.50296708149
Month,Group,Commodity,Unit,,,,,,
2025-04,Food Group,"1. Milk,Cream & Milk Food For Infants",  MT,4315.1648700000005,3432.760909,12229.0,1568.995,1480.571157,5323.066
2025-04,Food Group,2. Wheat Unmilled,  MT,0.0,0.0,0.0,86801.0,7385.863695,26554.244
2025-04,Food Group,3. Dry Fruits & Nuts,  MT,7570.780161500001,1862.582933,6635.0,5365.07,1019.370208,3664.916
2025-04,Food Group,4. Tea,  MT,20667.644908600003,14350.136837,51120.0,19379.712,14522.744692,52213.302
2025-04,Food Group,5. Spices,  MT,16468.7945683,5295.041931,18863.0,16992.002,5216.489315,18754.737
2025-04,Food Group,6. Soyabean Oil,  MT,24347.05648,7997.281043,28489.0,500.0,147.4636,530.173
2025-04,Food Group,7. Palm Oil,  MT,260907.1420032,83674.468129,298078.0,235093.206,60107.335049,216102.656
2025-04,Food Group,8. Sugar,  MT,332.15,98.760375,352.0,205.0,51.530246,185.265
2025-04,Food Group,9. Pulses  (Leguminous Vegetables),  MT,143484.3709,26460.756261,94262.0,78063.596,14040.313816,50478.845
2025-04,Food Group,10. All Others Food Items,   - ,,63809.542539,227312.0,,42616.328012,153217.656
2025-04,Machinery Group,11. Power Generating Machinery,   - ,,13142.50483,46818.0,,7053.87041,25360.612
2025-04,Machinery Group,12. Office Machine Incl.Data Proc Equip;,   - ,,17166.326858,61152.0,,8412.398178,30244.834
2025-04,Machinery Group,13. Textile Machinery,   - ,,7545.635915,26880.0,,3948.073188,14194.434
2025-04,Machinery Group,14. Construction & Mining Machinery,   - ,,3345.420237,11918.0,,2595.176218,9330.382
2025-04,Machinery Group,15. Electrical Machinery & Apparatus,   - ,,150198.527601,535059.0,,135141.560637,485871.696
2025-04,Machinery Group,16. Tele Com,   - ,,48824.549309,173930.0,,58851.808146,211588.698
2025-04,Machinery Group,A. Mobile Phone,   - ,,35122.490918,125119.0,,44887.81404,161384.239
2025-04,Machinery Group,B. Other Apparatus,   - ,,13702.058391,48811.0,,13963.994106,50204.459
2025-04,Machinery Group,17. Agricultural Machinery & Implements,   - ,,1914.848969,6821.0,,2275.322547,8180.443
2025-04,Machinery Group,18. Other Machinery,   - ,,61128.186718,217760.0,,33511.837874,120484.395
2025-04,Transport Group,"19.  Road Motor Veh. (Build Unit,Ckd/Skd)",   - ,,72295.48528100002,257541.0,,36771.454447,132203.639
2025-04,Transport Group,19.1 Cbu,   - ,,10884.613142,38775.0,,6267.552188,22533.607
2025-04,Transport Group,"A.Buses,Trucks & Oth. Heavy Vehicles",   - ,,2963.645373,10558.0,,375.731389,1350.884
2025-04,Transport Group,B.Motor Cars,   - ,,7834.089625,27908.0,,5845.215593,21015.155
2025-04,Transport Group,C.Motor Cycles,   - ,,86.878144,309.0,,46.605206,167.568
2025-04,Transport Group,19.2 Ckd/Skd,   - ,,53185.68027700001,189465.0,,25086.105225000003,90191.557
2025-04,Transport Group,"A.Buses,Trucks & Oth. Heavy Vehicles",   - ,,13127.076177,46763.0,,4106.112679,14762.624
2025-04,Transport Group,B.Motor Cars,   - ,,38687.484636,137818.0,,20091.459454,72234.422
2025-04,Transport Group,C.Motor Cycles,   - ,,1371.119464,4884.0,,888.533092,3194.511
2025-04,Transport Group,19.3 Parts & Accessories,   - ,,7445.291584,26523.0,,5055.653241,18176.466
2025-04,Transport Group,19.4 Others,   - ,,779.900278,2778.0,,362.143793,1302.009
2025-04,Transport Group,"20.Aircrafts, Ships And Boats",   - ,,4123.121242,14688.0,,7274.750192,26154.759
2025-04,Transport Group,21.Others Transport Equipments,   - ,,1232.969588,4392.0,,224.131171,805.814
2025-04,Petroleum Group,22. Petroleum Products,  MT,913794.872619,139114.447111,495574.0,1019579.0,187277.060704,673313.343
2025-04,Petroleum Group,23. Petroleum Crude,  MT,1065942.7729748646,151469.818273,539588.0,911489.0,161732.693007,581474.22
2025-04,Petroleum Group,"24.Natural Gas, Liquified",   - ,,66042.900166,235268.0,,95649.391451,343886.286
2025-04,Petroleum Group,"25. Petroleum Gas, Liquified",   - ,,23512.482836,83760.0,,21714.881654,78071.062
2025-04,Petroleum Group,26. Others,   - ,,5.262033,19.0,,2.215948,7.968
2025-04,Textile Group,27. Raw Cotton,  MT,113615.2911881,56959.678151,202910.0,22031.0,13100.900292,47101.397
2025-04,Textile Group,28. Synthetic Fibre,  MT,28114.28676600001,11563.641337,41194.0,24876.175,10406.82119,37415.439
2025-04,Textile Group,29. Synthetic & Artificial Silk Yarn,  MT,32384.095898500007,15622.311843,55652.0,29674.234,14221.663043,51130.876
2025-04,Textile Group,30. Worn Clothing,  MT,94826.3473349,12322.908261,43898.0,86455.848,10335.22583,37158.035
2025-04,Textile Group,31. Othr Textile Items, - ,,27248.20491,97068.0,,14334.611135,51536.959
2025-04,Agricultural And Other Chemicals Group,32. Fertilizer Manufactured, MT,22962.35696,4098.680465,14601.0,116341.0,16301.741221,58609.313
2025-04,Agricultural And Other Chemicals Group,33. Insecticides, MT,4507.574190899999,5300.65457,18883.0,3943.325,4776.310944,17172.172
2025-04,Agricultural And Other Chemicals Group,34. Plastic Materials, MT,185534.879911,64101.092091,228350.0,134135.534,47456.191611,170618.261
2025-04,Agricultural And Other Chemicals Group,35. Medicinal Products, MT,2674.0,26058.234436,92828.0,2909.156,22501.899923,80900.636
2025-04,Agricultural And Other Chemicals Group,36. Others, - ,,122129.431022,435067.0,,108130.642666,388759.873
2025-04,Metal Group,37. Gold,KG,14.0,425.417302,1515.0,0.0,0.0,0.0
2025-04,Metal Group,38. Iron And Steel Scrap, MT,292630.37606760004,42018.424688,149684.0,184166.0,23099.459722,83049.001
2025-04,Metal Group,39. Iron And Steel, MT,414209.1822361999,70922.830033,252652.0,235339.0,53172.456304,191169.826
2025-04,Metal Group,40. Aluminium Wrought & Worked, - ,,5433.900549,19357.0,,3863.86812,13891.683
2025-04,Metal Group,41. All Other Metals & Articals, - ,,31104.119084,110804.0,,20766.668291,74661.965
2025-04,Miscellaneous Group,42. Rubber Crude Incl. Synth/Reclaimed, MT,41350.6412288,7553.322565,26908.0,33851.153,5208.777386,18727.002
2025-04,Miscellaneous Group,43. Rubber Tyres & Tubes, NO,698793.0,3636.181868,12953.0,498082.0,2853.056067,10257.542
2025-04,Miscellaneous Group,44. Wood & Cork, - ,,2496.540199,8894.0,,2106.783752,7574.476
2025-04,Miscellaneous Group,45. Jute, MT,267.4026,72.332424,258.0,3987.0,732.069016,2631.99
2025-04,Miscellaneous Group,46. Paper & Paper Board & Manuf.Thereof, MT,46073.74119319999,12950.366662,46134.0,29652.337,7993.38919,28738.448
Month,Group,Commodity,Unit,Quantity_2025,Rupees_2025,Dollar_2025,Quantity_2024,Rupees_2024,Dollars_2024
2025-01,Food Group,"1. Milk,Cream & Milk Food For Infants",MT,3255,3481,12493,1517,1879,6702
2025-01,Food Group,2. Wheat Unmilled,MT,0,0,0,613146,49434,176348
2025-01,Food Group,3. Dry Fruits & Nuts,MT,16489,4718,16933,10837,2215,7903
2025-01,Food Group,4. Tea,MT,20729,14107,50627,21032,15414,54985
2025-01,Food Group,5. Spices,MT,22406,6062,21755,15749,5531,19731
2025-01,Food Group,6. Soyabean Oil,MT,36632,11051,39659,8350,2479,8843
2025-01,Food Group,7. Palm Oil,MT,304844,96059,344737,249617,62595,223296
2025-01,Food Group,8. Sugar,MT,328,85,304,442,115,411
2025-01,Food Group,9. Pulses (Leguminous Vegetables),MT,138390,27991,100456,79137,16563,59087
2025-01,Food Group,10. All Others Food Items,-,-,60542,217274,-,58027,207003
2025-01,Machinery Group,11. Power Generating Machinery,-,-,16528,59317,-,9909,35347
2025-01,Machinery Group,12. Office Machine Incl.Data Proc Equip;,-,-,13160,47229,-,11599,41376
2025-01,Machinery Group,13. Textile Machinery,-,-,6189,22213,-,3102,11067
2025-01,Machinery Group,14. Construction & Mining Machinery,-,-,3907,14021,-,2485,8866
2025-01,Machinery Group,15. Electrical Machinery & Apparatus,-,-,86104,309009,-,78517,280098
2025-01,Machinery Group,16. Tele Com,-,-,54056,193998,-,65193,232568
2025-01,Machinery Group,A. Mobile Phone,-,-,37652,135127,-,54625,194866
2025-01,Machinery Group,B. Other Apparatus,-,-,16404,58871,-,10569,37702
2025-01,Machinery Group,17. Agricultural Machinery & Implements,-,-,4311,15472,-,3356,11973
2025-01,Machinery Group,18. Other Machinery,-,-,63099,226449,-,36024,128510
2025-01,Transport Group,"19. Road Motor Veh. (Build Unit,Ckd/Skd)",-,-,55918,200678,-,33086,118028
2025-01,Transport Group,19.1 Cbu,-,-,11621,41706,-,11073,39500
2025-01,Transport Group,"A.Buses,Trucks & Oth. Heavy Vehicles",-,-,4007,14379,-,2034,7256
2025-01,Transport Group,B.Motor Cars,-,-,7528,27015,-,9003,32117
2025-01,Transport Group,C.Motor Cycles,-,-,87,312,-,36,127
2025-01,Transport Group,19.2 Ckd/Skd,-,-,35724,128208,-,13852,49416
2025-01,Transport Group,"A.Buses,Trucks & Oth. Heavy Vehicles",-,-,12076,43339,-,2639,9415
2025-01,Transport Group,B.Motor Cars,-,-,22145,79474,-,10188,36345
2025-01,Transport Group,C.Motor Cycles,-,-,1503,5395,-,1025,3655
2025-01,Transport Group,19.3 Parts & Accessories,-,-,7711,27674,-,6346,22637
2025-01,Transport Group,19.4 Others,-,-,861,3090,-,1815,6475
2025-01,Transport Group,"20.Aircrafts, Ships And Boats",-,-,2599,9327,-,4798,17118
2025-01,Transport Group,21.Others Transport Equipments,-,-,1125,4037,-,82,293
2025-01,Petroleum Group,22. Petroleum Products,MT,905133,144238,517641,715211,119858,427573
2025-01,Petroleum Group,23. Petroleum Crude,MT,796191,121365,435555,599072,102735,366492
2025-01,Petroleum Group,"24.Natural Gas, Liquified",-,-,87295,313283,-,124784,445148
2025-01,Petroleum Group,"25. Petroleum Gas, Liquified",-,-,29498,105863,-,24478,87322
2025-01,Petroleum Group,26. Others,-,-,8,28,-,1,5
2025-01,Textile Group,27. Raw Cotton,MT,67671,34554,124009,7085,4602,16417
2025-01,Textile Group,28. Synthetic Fibre,MT,39108,15942,57211,26293,12592,44921
2025-01,Textile Group,29. Synthetic & Artificial Silk Yarn,MT,42960,19048,68361,32946,15332,54696
2025-01,Textile Group,30. Worn Clothing,MT,108077,13717,49226,74415,9248,32992
2025-01,Textile Group,31. Othr Textile Items,-,-,34222,122815,-,18593,66328
2025-01,Agricultural And Other Chemicals Group,32. Fertilizer Manufactured,MT,30384,5118,18368,394084,50102,178730
2025-01,Agricultural And Other Chemicals Group,33. Insecticides,MT,2672,4350,15613,2638,4784,17065
2025-01,Agricultural And Other Chemicals Group,34. Plastic Materials,MT,195421,64902,232920,172913,57369,204654
2025-01,Agricultural And Other Chemicals Group,35. Medicinal Products,MT,2855,26330,94493,3019,27925,99619
2025-01,Agricultural And Other Chemicals Group,36. Others,-,-,109860,394265,-,95017,338960
2025-01,Metal Group,37. Gold,KG,27,661,2371,19,357,1274
2025-01,Metal Group,38. Iron And Steel Scrap,MT,213818,25033,89838,225053,27975,99795
2025-01,Metal Group,39. Iron And Steel,MT,334190,60804,218215,217691,43799,156245
2025-01,Metal Group,40. Aluminium Wrought & Worked,-,-,5335,19148,-,5207,18574
2025-01,Metal Group,41. All Other Metals & Articals,-,-,25621,91949,-,20241,72206
2025-01,Miscellaneous Group,42. Rubber Crude Incl. Synth/Reclaimed,MT,55530,7994,28690,40995,5471,19519
2025-01,Miscellaneous Group,43. Rubber Tyres & Tubes,NO,603482,3548,12731,447308,2663,9500
2025-01,Miscellaneous Group,44. Wood & Cork,-,-,2636,9461,-,1666,5942
2025-01,Miscellaneous Group,45. Jute,MT,2631,602,2162,1589,295,1054
2025-01,Miscellaneous Group,46. Paper & Paper Board & Manuf.Thereof,MT,42017,11357,40756,36703,10460,37313
Month,Group,Commodity,Unit,Quantity_2025,Rupees_2025,Dollar_2025,Quantity_2024,Rupees_2024,Dollars_2024
2025-02,Food Group,"1. Milk,Cream & Milk Food For Infants",MT,3394,2796,10011,1375,1714,6138
2025-02,Food Group,2. Wheat Unmilled,MT,0,0,0,778119,63218,226439
2025-02,Food Group,3. Dry Fruits & Nuts,MT,11797,3332,11929,7626,1570,5622
2025-02,Food Group,4. Tea,MT,18521,12732,45585,17704,12638,45269
2025-02,Food Group,5. Spices,MT,22213,6242,22349,15360,4589,16438
2025-02,Food Group,6. Soyabean Oil,MT,32180,10239,36660,5505,1584,5674
2025-02,Food Group,7. Palm Oil,MT,323266,102289,366227,224074,55579,199078
2025-02,Food Group,8. Sugar,MT,255,75,270,336,103,368
2025-02,Food Group,9. Pulses (Leguminous Vegetables),MT,124147,26766,95831,78386,15619,55945
2025-02,Food Group,10. All Others Food Items,-,-,58038,207797,-,49931,178848
2025-02,Machinery Group,11. Power Generating Machinery,-,-,13684,48993,-,6376,22837
2025-02,Machinery Group,12. Office Machine Incl.Data Proc Equip;,-,-,9658,34577,-,9269,33202
2025-02,Machinery Group,13. Textile Machinery,-,-,5662,20273,-,4094,14663
2025-02,Machinery Group,14. Construction & Mining Machinery,-,-,3332,11931,-,2127,7619
2025-02,Machinery Group,15. Electrical Machinery & Apparatus,-,-,84230,301572,-,74928,268383
2025-02,Machinery Group,16. Tele Com,-,-,48902,175084,-,53380,191202
2025-02,Machinery Group,A. Mobile Phone,-,-,37041,132620,-,44918,160890
2025-02,Machinery Group,B. Other Apparatus,-,-,11860,42464,-,8462,30311
2025-02,Machinery Group,17. Agricultural Machinery & Implements,-,-,2232,7993,-,1229,4404
2025-02,Machinery Group,18. Other Machinery,-,-,48332,173045,-,41035,146985
2025-02,Transport Group,"19. Road Motor Veh. (Build Unit,Ckd/Skd)",-,-,55033,197036,-,32460,116270
2025-02,Transport Group,19.1 Cbu,-,-,8718,31213,-,7818,28003
2025-02,Transport Group,"A.Buses,Trucks & Oth. Heavy Vehicles",-,-,1622,5807,-,438,1570
2025-02,Transport Group,B.Motor Cars,-,-,7021,25136,-,7322,26225
2025-02,Transport Group,C.Motor Cycles,-,-,75,270,-,58,207
2025-02,Transport Group,19.2 Ckd/Skd,-,-,38912,139319,-,18590,66588
2025-02,Transport Group,"A.Buses,Trucks & Oth. Heavy Vehicles",-,-,11817,42310,-,3434,12299
2025-02,Transport Group,B.Motor Cars,-,-,26052,93275,-,14137,50638
2025-02,Transport Group,C.Motor Cycles,-,-,1043,3734,-,1019,3651
2025-02,Transport Group,19.3 Parts & Accessories,-,-,6739,24126,-,5506,19724
2025-02,Transport Group,19.4 Others,-,-,664,2378,-,546,1956
2025-02,Transport Group,"20.Aircrafts, Ships And Boats",-,-,840,3007,-,4601,16481
2025-02,Transport Group,21.Others Transport Equipments,-,-,673,2411,-,436,1560
2025-02,Petroleum Group,22. Petroleum Products,MT,802789,130365,466748,795803,137143,491232
2025-02,Petroleum Group,23. Petroleum Crude,MT,794735,123821,443319,575552,104278,373511
2025-02,Petroleum Group,"24.Natural Gas, Liquified",-,-,70885,253790,-,88732,317830
2025-02,Petroleum Group,"25. Petroleum Gas, Liquified",-,-,23262,83286,-,17697,63390
2025-02,Petroleum Group,26. Others,-,-,11,41,-,8,30
2025-02,Textile Group,27. Raw Cotton,MT,60387,31139,111489,5418,3405,12198
2025-02,Textile Group,28. Synthetic Fibre,MT,33921,13934,49889,25084,10591,37936
2025-02,Textile Group,29. Synthetic & Artificial Silk Yarn,MT,38018,16706,59814,27079,12091,43310
2025-02,Textile Group,30. Worn Clothing,MT,85079,10794,38645,68869,8315,29782
2025-02,Textile Group,31. Othr Textile Items,-,-,32466,116239,-,17383,62266
2025-02,Agricultural And Other Chemicals Group,32. Fertilizer Manufactured,MT,24257,3425,12264,69391,8898,31870
2025-02,Agricultural And Other Chemicals Group,33. Insecticides,MT,2255,3476,12446,3563,4834,17316
2025-02,Agricultural And Other Chemicals Group,34. Plastic Materials,MT,150782,50262,179953,151614,50718,181666
2025-02,Agricultural And Other Chemicals Group,35. Medicinal Products,MT,2125,19450,69638,2491,23132,82858
2025-02,Agricultural And Other Chemicals Group,36. Others,-,-,99305,355544,-,93713,335672
2025-02,Metal Group,37. Gold,KG,43,1134,4060,32,613,2196
2025-02,Metal Group,38. Iron And Steel Scrap,MT,238403,27469,98349,255256,31906,114284
2025-02,Metal Group,39. Iron And Steel,MT,326859,57883,207239,191481,38409,137578
2025-02,Metal Group,40. Aluminium Wrought & Worked,-,-,3827,13702,-,4836,17323
2025-02,Metal Group,41. All Other Metals & Articals,-,-,30862,110496,-,24097,86312
2025-02,Miscellaneous Group,42. Rubber Crude Incl. Synth/Reclaimed,MT,45038,6048,21655,39707,5525,19790
2025-02,Miscellaneous Group,43. Rubber Tyres & Tubes,NO,532546,2308,8263,278216,2506,8974
2025-02,Miscellaneous Group,44. Wood & Cork,-,-,2614,9358,-,1546,5537
2025-02,Miscellaneous Group,45. Jute,MT,1942,427,1528,2185,348,1246
2025-02,Miscellaneous Group,46. Paper & Paper Board & Manuf.Thereof,MT,32771,8940,32008,30496,9142,32745
Month,Group,Commodity,Unit,Quantity_2025,Rupees_2025,Dollar_2025,Quantity_2024,Rupees_2024,Dollars_2024
2025-03,Food Group,"1. Milk,Cream & Milk Food For Infants",MT,2798,2208,7885,2850,2464,8842
2025-03,Food Group,2. Wheat Unmilled,MT,0,0,0,691136,57192,205206
2025-03,Food Group,3. Dry Fruits & Nuts,MT,9077,2272,8111,7538,1375,4933
2025-03,Food Group,4. Tea,MT,23100,16259,58051,22296,16315,58539
2025-03,Food Group,5. Spices,MT,18324,5359,19133,15529,4869,17472
2025-03,Food Group,6. Soyabean Oil,MT,43364,13984,49927,10250,2900,10406
2025-03,Food Group,7. Palm Oil,MT,279811,90168,321931,304307,76343,273922
2025-03,Food Group,8. Sugar,MT,145,49,176,193,57,203
2025-03,Food Group,9. Pulses (Leguminous Vegetables),MT,146917,27386,97777,96898,18504,66392
2025-03,Food Group,10. All Others Food Items,-,-,48698,173869,-,51073,183250
2025-03,Machinery Group,11. Power Generating Machinery,-,-,12464,44501,-,7827,28082
2025-03,Machinery Group,12. Office Machine Incl.Data Proc Equip;,-,-,10880,38844,-,9369,33616
2025-03,Machinery Group,13. Textile Machinery,-,-,4451,15891,-,2638,9464
2025-03,Machinery Group,14. Construction & Mining Machinery,-,-,3798,13561,-,1623,5824
2025-03,Machinery Group,15. Electrical Machinery & Apparatus,-,-,93238,332893,-,117042,419949
2025-03,Machinery Group,16. Tele Com,-,-,53705,191746,-,52662,188952
2025-03,Machinery Group,A. Mobile Phone,-,-,36776,131304,-,42655,153045
2025-03,Machinery Group,B. Other Apparatus,-,-,16929,60442,-,10007,35907
2025-03,Machinery Group,17. Agricultural Machinery & Implements,-,-,2425,8658,-,2261,8114
2025-03,Machinery Group,18. Other Machinery,-,-,49289,175978,-,32652,117156
2025-03,Transport Group,"19. Road Motor Veh. (Build Unit,Ckd/Skd)",-,-,59026,210744,-,35645,127894
2025-03,Transport Group,19.1 Cbu,-,-,8284,29577,-,5988,21487
2025-03,Transport Group,"A.Buses,Trucks & Oth. Heavy Vehicles",-,-,1516,5412,-,366,1314
2025-03,Transport Group,B.Motor Cars,-,-,6722,23998,-,5580,20022
2025-03,Transport Group,C.Motor Cycles,-,-,47,167,-,42,151
2025-03,Transport Group,19.2 Ckd/Skd,-,-,42576,152012,-,22267,79895
2025-03,Transport Group,"A.Buses,Trucks & Oth. Heavy Vehicles",-,-,11812,42174,-,4811,17261
2025-03,Transport Group,B.Motor Cars,-,-,29408,104996,-,16635,59688
2025-03,Transport Group,C.Motor Cycles,-,-,1356,4842,-,821,2946
2025-03,Transport Group,19.3 Parts & Accessories,-,-,7226,25799,-,6609,23713
2025-03,Transport Group,19.4 Others,-,-,940,3356,-,780,2799
2025-03,Transport Group,"20.Aircrafts, Ships And Boats",-,-,1,2,-,325,1166
2025-03,Transport Group,21.Others Transport Equipments,-,-,995,3552,-,238,855
2025-03,Petroleum Group,22. Petroleum Products,MT,912354,140104,500222,825934,138527,497037
2025-03,Petroleum Group,23. Petroleum Crude,MT,843921,120956,431856,1007768,177060,635297
2025-03,Petroleum Group,"24.Natural Gas, Liquified",-,-,63295,225987,-,81647,292952
2025-03,Petroleum Group,"25. Petroleum Gas, Liquified",-,-,21402,76414,-,22486,80680
2025-03,Petroleum Group,26. Others,-,-,14,52,-,11,38
2025-03,Textile Group,27. Raw Cotton,MT,72241,36388,129920,22263,12995,46626
2025-03,Textile Group,28. Synthetic Fibre,MT,40012,16649,59442,26560,11799,42336
2025-03,Textile Group,29. Synthetic & Artificial Silk Yarn,MT,30674,14377,51331,25281,12076,43328
2025-03,Textile Group,30. Worn Clothing,MT,77142,9969,35594,86006,10275,36866
2025-03,Textile Group,31. Othr Textile Items,-,-,26068,93071,-,16369,58732
2025-03,Agricultural And Other Chemicals Group,32. Fertilizer Manufactured,MT,46749,8580,30634,48236,7716,27683
2025-03,Agricultural And Other Chemicals Group,33. Insecticides,MT,2752,3567,12736,2346,4220,15143
2025-03,Agricultural And Other Chemicals Group,34. Plastic Materials,MT,170247,58196,207782,145171,49625,178055
2025-03,Agricultural And Other Chemicals Group,35. Medicinal Products,MT,2934,24455,87312,2493,24629,88369
2025-03,Agricultural And Other Chemicals Group,36. Others,-,-,103879,370886,,92116,330516
2025-03,Metal Group,37. Gold,KG,22,615,2194,0,0,0
2025-03,Metal Group,38. Iron And Steel Scrap,MT,280635,33236,118664,253237,32030,114923
2025-03,Metal Group,39. Iron And Steel,MT,328497,57531,205406,258141,51661,185360
2025-03,Metal Group,40. Aluminium Wrought & Worked,-,-,4747,16947,-,4965,17815
2025-03,Metal Group,41. All Other Metals & Articals,-,-,25835,92240,-,21920,78650
2025-03,Miscellaneous Group,42. Rubber Crude Incl. Synth/Reclaimed,MT,41874,5422,19358,31472,5433,19495
2025-03,Miscellaneous Group,43. Rubber Tyres & Tubes,NO,504085,3177,11343,356064,2634,9451
2025-03,Miscellaneous Group,44. Wood & Cork,-,-,2456,8768,-,2139,7676
2025-03,Miscellaneous Group,45. Jute,MT,209,50,177,2459,443,1589
2025-03,Miscellaneous Group,46. Paper & Paper Board & Manuf.Thereof,MT,35597,10051,35885,35632,9285,33315
